{
  "speech_ratio": {
    "therapist": [
      0.5191350789396276,
      0.03031787355393074
    ]
  },
  "reactions": {
    "therapist": [
      0.4552121245706536,
      0.09117324050966978
    ],
    "client": [
      0.3599889288561232,
      0.04600916508943928
    ]
  },
  "interruptions_len": {
    "therapist": [
      0.7833333333333333,
      10.883333333333333,
      4.133333333333334,
      1.5666666666666667,
      1.8666666666666667
    ],
    "client": [
      1.3,
      15.266666666666667,
      6.216666666666667,
      1.5833333333333333,
      2.0833333333333335
    ]
  },
  "hesitations": {
    "therapist": [
      0.7004557174960763,
      0.021641622666356074
    ],
    "client": [
      0.6872113110448475,
      0.019467658619410418
    ]
  },
  "fills": {
    "therapist": [
      1.862709059232327,
      1.733233897035175
    ],
    "client": [
      2.012409542556824,
      1.5557129765659028
    ]
  },
  "speech_len": {
    "therapist": [
      56.931267234123375,
      21.36460918193806,
      11.04894539124275,
      4.426959121336156,
      2.34949944166613,
      2.020787557198172,
      1.8579320724953372
    ],
    "client": [
      60.69801321389295,
      20.434193241719036,
      10.407956851676262,
      3.660570460146219,
      1.9881988502050538,
      1.8999429504204115,
      0.9111244319400716
    ]
  }
}