{
  "speech_ratio": {
    "therapist": [
      0.5191802833120575,
      0.030253802647312665
    ]
  },
  "reactions": {
    "therapist": [
      0.4563692168443073,
      0.09115373399640485
    ],
    "client": [
      0.35899475717865115,
      0.04565908463272294
    ]
  },
  "interruptions_len": {
    "therapist": [
      6.524590163934426,
      18.868852459016395,
      7.967213114754099,
      2.9836065573770494,
      4.098360655737705
    ],
    "client": [
      7.327868852459017,
      24.704918032786885,
      9.557377049180328,
      2.4918032786885247,
      3.901639344262295
    ]
  },
  "hesitations": {
    "therapist": [
      0.7001361598642077,
      0.021370314830772334
    ],
    "client": [
      0.6925063441971178,
      0.017538333617504735
    ]
  },
  "fills": {
    "therapist": [
      1.8649586375327067,
      1.7051238627437482
    ],
    "client": [
      2.012205014573195,
      1.5302119950485549
    ]
  },
  "speech_len": {
    "therapist": [
      56.75560911512942,
      21.42334787223528,
      11.072671721635558,
      4.479015377497235,
      2.408401101030431,
      2.0114696938760344,
      1.8494851185960424
    ],
    "client": [
      60.70275697182718,
      20.366027755949347,
      10.445098631120644,
      3.6829373822297775,
      2.0170808362672665,
      1.8692228407440539,
      0.9168755818617421
    ]
  }
}