{
  "speech_ratio": {
    "therapist": [
      0.2807849552425104,
      0.006137621165903866
    ]
  },
  "reactions": {
    "therapist": [
      1.0020343137254901,
      0.1634830035322953
    ],
    "client": [
      0.7984896364795919,
      0.037915174269911756
    ]
  },
  "interruptions_len": {
    "therapist": [
      6.5,
      31.25,
      12.75,
      3.0,
      2.75
    ],
    "client": [
      5.5,
      20.75,
      2.0,
      1.75,
      1.75
    ]
  },
  "hesitations": {
    "therapist": [
      1.430760703679261,
      0.2838727434868823
    ],
    "client": [
      1.468215593561671,
      0.03732559590537113
    ]
  },
  "fills": {
    "therapist": [
      0.6008834481897529,
      0.12434807550728048
    ],
    "client": [
      0.37600927872708984,
      0.009329588745171634
    ]
  },
  "speech_len": {
    "therapist": [
      71.29599035340786,
      11.19992261690107,
      8.733242426974396,
      3.962882407741315,
      1.8064558540689986,
      1.4764770405096765,
      1.5250293003966822
    ],
    "client": [
      26.328751549990486,
      14.939395658422207,
      18.390660061014046,
      10.55564150696894,
      7.756054990568265,
      8.017673902629655,
      14.011822330406401
    ]
  }
}