{
  "speech_ratio": {
    "therapist": [
      0.5161846064227157,
      0.030124084614915746
    ]
  },
  "reactions": {
    "therapist": [
      0.4739792982948191,
      0.06532463241022136
    ],
    "client": [
      0.39152021975255885,
      0.06480407357137968
    ]
  },
  "interruptions_len": {
    "therapist": [
      0.8666666666666667,
      5.253333333333333,
      2.506666666666667,
      0.92,
      1.1733333333333333
    ],
    "client": [
      1.16,
      7.013333333333334,
      3.2933333333333334,
      1.0133333333333334,
      1.52
    ]
  },
  "hesitations": {
    "therapist": [
      0.7297822481111588,
      0.6352137988818307
    ],
    "client": [
      0.5995013647633862,
      0.05558726390209883
    ]
  },
  "fills": {
    "therapist": [
      1.9096613280641057,
      1.6249458168487232
    ],
    "client": [
      2.0854466677542174,
      1.455458985767528
    ]
  },
  "speech_len": {
    "therapist": [
      55.42520577856171,
      23.038681953292066,
      12.423424454066234,
      4.689717523688551,
      2.1567849763929066,
      1.3642154926956886,
      0.9019698213028423
    ],
    "client": [
      57.5004869764223,
      24.331992144854315,
      10.808945961073833,
      4.165024005255495,
      1.6979349034864568,
      0.9752042849676743,
      0.5204117239399572
    ]
  }
}